{
  "/root/autodl-tmp/models/Qwen2.5-7B-Instruct": {
    "medqa": {
      "accuracy": 0.6048703849175177,
      "total_samples": 1273
    },
    "mmlu": {
      "accuracy": 0.7776560788608982,
      "total_samples": 2739
    },
    "medmcqa": {
      "accuracy": 0.5574946210853454,
      "total_samples": 4183
    }
  }
}